期号,开奖日期,开奖号码,单选中奖注数,销售总额,中奖总额,奖池金额
2026257,2026-09-25,"4,8,6",4696,10828804,6168074,2000000.0
2026256,2026-09-23,"0,5,1",1357,11149742,1944516,2000000.0
2026255,2026-09-22,"6,9,9",3452,11605018,4289730,2000000.0
2026254,2026-09-21,"8,5,0",3138,11499530,4046807,2000000.0
2026253,2026-09-20,"0,3,4",1524,11626650,2351595,2000000.0
2026252,2026-09-19,"0,9,2",3659,11167358,4649684,1157342.16
2026251,2026-09-18,"7,7,7",10710,12803246,11220498,0.0
2026250,2026-09-17,"9,5,4",8521,12142012,10227833,0.0
2026249,2026-09-16,"6,8,9",10495,11618388,12415572,0.0
2026248,2026-09-15,"8,7,6",5506,11662538,7164355,0.0
2026247,2026-09-14,"6,0,9",4274,11634128,5339431.0,710315.56
2026246,2026-09-13,"9,8,2",6135,11209026,7808395.0,0.0
2026245,2026-09-12,"5,4,9",3389,10902688,4443014.0,1226383.76
2026244,2026-09-11,"6,5,4",5326,11315186,7313991.0,0.0
2026243,2026-09-10,"2,1,9",4037,10637528,5122310.0,409204.56
2026242,2026-09-09,"5,5,5",10067,10620150,10502377.0,0.0
2026241,2026-09-08,"0,0,2",942,11145750,1287171.0,2000000.0
2026240,2026-09-07,"9,8,1",5551,10790480,6850624.0,760425.6
2026239,2026-09-06,"0,0,2",1619,11214990,2295559.0,2000000.0
2026238,2026-09-05,"8,9,9",2971,11799158,3971025.0,2000000.0
2026237,2026-09-04,"8,5,4",8441,12013784,10373428.0,0.0
2026236,2026-09-03,"0,4,7",6712,11832608,8506033.0,0.0
2026235,2026-09-02,"2,1,9",6365,11701488,7700907.0,0.0
2026234,2026-09-01,"6,9,5",5031,11524182,6624384.0,1368190.64
2026233,2026-08-31,"9,7,0",3982,11436838,5340035.0,2000000.0
2026232,2026-08-30,"6,5,8",4096,11481646,5756123.0,2000000.0
2026231,2026-08-29,"7,3,3",3511,11309012,4540327.0,2000000.0
2026230,2026-08-28,"0,6,6",3051,12287992,4024830.0,2000000.0
2026229,2026-08-27,"8,2,8",7688,17861052,13410738.0,1195393.04
2026228,2026-08-26,"3,9,9",3363,19198574,6061123.0,2000000.0
2026227,2026-08-25,"5,2,2",8250,18694758,14267774.0,732136.84
2026226,2026-08-24,"8,5,1",5133,17729084,10172164.0,1765097.68
2026225,2026-08-23,"5,5,5",13066,19005518,17198776.0,0.0
2026224,2026-08-22,"8,6,2",9369,18794982,15884142.0,0.0
2026223,2026-08-21,"9,4,8",6122,19570828,12145220.0,1323903.84
2026222,2026-08-20,"3,8,0",8399,18658358,14695848.0,45007.28
2026221,2026-08-19,"2,9,6",7499,18456006,13587465.0,1527420.12
2026220,2026-08-18,"3,7,3",3929,18423540,8110991.0,2000000.0
2026219,2026-08-17,"2,2,5",7657,18410020,12943786.0,1942076.4
2026218,2026-08-16,"3,8,2",3575,18862728,7595239.0,2000000.0
2026217,2026-08-15,"8,8,2",4913,18268374,10263958.0,2000000.0
2026216,2026-08-14,"9,3,5",6533,18895970,12767022.0,2000000.0
2026215,2026-08-13,"1,7,2",5210,18386772,10903587.0,2000000.0
2026214,2026-08-12,"5,4,5",5607,18650174,10971227.0,1625075.48
2026213,2026-08-11,"8,7,2",12155,19051910,18799307.0,0.0
2026212,2026-08-10,"5,6,1",8572,18075076,15103363.0,0.0
2026211,2026-08-09,"7,0,8",10305,19655180,17085539.0,0.0
2026210,2026-08-08,"7,5,5",10908,20467110,18732695.0,0.0
2026209,2026-08-07,"2,8,9",13677,20660354,20322057.0,0.0
2026208,2026-08-06,"6,3,2",9864,20099208,16468274.0,0.0
2026207,2026-08-05,"4,1,5",12129,19898818,18506621.0,0.0
2026206,2026-08-04,"9,4,2",5901,17636742,10890877.0,1979296.24
2026205,2026-08-03,"8,1,4",8042,17279320,13331993.0,946270.4
2026204,2026-08-02,"9,7,8",4472,17227088,9544065.0,2000000.0
2026203,2026-08-01,"4,3,5",6827,16321126,12522956.0,1339284.52
2026202,2026-07-31,"9,8,8",3082,17482550,6202361.0,2000000.0
2026201,2026-07-30,"3,2,1",6023,16321588,11003018.0,1451549.76
2026200,2026-07-29,"9,1,2",6377,16124518,11016109.0,1264758.0
2026199,2026-07-28,"5,9,1",4849,10806552,6327739.0,1178834.64
2026198,2026-07-27,"6,8,5",4078,10664030,5658129.0,1887166.6
2026197,2026-07-26,"2,3,2",2253,10753516,3042551.0,2000000.0
2026196,2026-07-25,"4,1,9",6990,10513106,8391119.0,0
2026195,2026-07-24,"2,7,5",3527,10705314,5222261.0,2000000.0
2026194,2026-07-23,"2,8,3",3757,10368634,4921597.0,2000000.0
2026193,2026-07-22,"2,5,4",2212,10556710,2727787.0,2000000.0
2026192,2026-07-21,"4,2,5",3902,10414300,5212572.0,1771468.64
2026191,2026-07-20,"9,0,6",3875,10135470,5033883.0,1568604.64
2026190,2026-07-19,"0,2,6",3059,10235886,4068577.0,1332043.24
2026189,2026-07-18,"5,5,8",5905,10161176,7205852.0,77959.52
2026188,2026-07-17,"9,6,9",2208,11030066,2936927.0,2000000.0
2026187,2026-07-16,"0,2,3",3311,10712122,4416328.0,2000000.0
2026186,2026-07-15,"0,4,5",3737,10326716,5091106.0,2000000.0
2026185,2026-07-14,"3,9,7",3892,10207056,4955929.0,2000000.0
2026184,2026-07-13,"9,0,2",3011,10202750,4133217.0,2000000.0
2026183,2026-07-12,"9,2,3",4715,10175594,5803682.0,1487626.88
2026182,2026-07-11,"6,6,2",1873,10286546,2528970.0,2000000.0
2026181,2026-07-10,"8,1,8",3069,10502278,3853579.0,2000000.0
2026180,2026-07-09,"5,2,0",4669,9967722,5669671.0,1513544.44
2026179,2026-07-08,"9,9,3",2330,10352022,3060354.0,2000000.0
2026178,2026-07-07,"2,6,6",3104,10501654,4027801.0,2000000.0
2026177,2026-07-06,"8,0,8",3889,10502132,4839652.0,621456.64
2026176,2026-07-05,"2,6,9",6293,10213018,7571248.0,0
2026175,2026-07-04,"4,2,1",3010,10323348,4173633.0,1232906.12
2026174,2026-07-03,"6,1,8",5867,10406808,7373142.0,38398.16
2026173,2026-07-02,"6,7,7",2902,10560698,3885084.0,2000000.0
2026172,2026-07-01,"4,4,5",5257,10844364,6144134.0,1494935.28
2026171,2026-06-30,"1,3,4",3373,10873094,4554567.0,2000000.0
2026170,2026-06-29,"8,0,5",3282,10754560,4324237.0,1931768.68
2026169,2026-06-28,"8,3,2",5122,10477774,6784808.0,663634.48
2026168,2026-06-27,"1,3,0",2799,10405416,3702283.0,2000000.0
2026167,2026-06-26,"6,3,1",2425,10526666,3511154.0,2000000.0
2026166,2026-06-25,"9,0,0",1902,10730980,2490283.0,2000000.0
2026165,2026-06-24,"4,2,4",3165,10698038,4098778.0,2000000.0
2026164,2026-06-23,"6,9,0",2826,10919608,3870493.0,2000000.0
2026163,2026-06-22,"5,3,7",4381,10392720,6085286.0,1318928.4
2026161,2026-06-20,"5,2,9",6843,9986940,7981138.0,0.0
2026160,2026-06-19,"3,3,2",1289,10217686,1757772.0,2000000.0
2026159,2026-06-18,"9,9,5",2447,11129694,3328221.0,2000000.0
2026158,2026-06-17,"1,7,8",4612,11099204,6053330.0,0.0
2026157,2026-06-16,"3,2,7",6122,10864582,7986054.0,0.0
2026156,2026-06-15,"1,6,2",5013,10650958,6549756.0,988742.16
2026155,2026-06-14,"4,0,9",4053,10207572,5033477.0,2000000.0
2026154,2026-06-13,"3,7,7",2749,10001556,3479268.0,2000000.0
2026153,2026-06-12,"8,8,7",1643,10855884,2235217.0,2000000.0
2026152,2026-06-11,"2,2,0",1722,11416442,2351979.0,2000000.0
2026151,2026-06-10,"6,3,1",4228,11500834,5590149.0,2000000.0
2026150,2026-06-09,"7,2,0",4199,11145120,5257477.0,2000000.0
2026149,2026-06-08,"6,9,6",3015,11315408,3805667.0,2000000.0
2026148,2026-06-07,"4,0,8",3910,11193900,4978468.0,1115196.76
2026147,2026-06-06,"7,1,2",4536,10897182,5613546.0,272836.76
2026146,2026-06-05,"4,6,4",4794,11874406,5954843.0,219848.12
2026145,2026-06-04,"2,7,9",6731,11574778,8220889.0,0.0
2026144,2026-06-03,"7,2,6",4539,11342442,5821628.0,1637922.44
2026143,2026-06-02,"3,7,6",4346,11354334,5915404.0,1561480.6
2026142,2026-06-01,"8,9,4",2908,11269846,4287689.0,1572630.92
2026141,2026-05-31,"3,9,7",5258,11072852,6920155.0,0.0
2026140,2026-05-30,"2,8,5",3456,11144652,5103575.0,691644.04
2026139,2026-05-29,"2,8,6",4907,11323974,6412354.0,0.0
2026138,2026-05-28,"7,9,0",5887,11189650,7185211.0,0.0
2026137,2026-05-27,"1,6,5",4991,10649602,6386454.0,5253.56
2026136,2026-05-26,"8,8,9",4103,11375176,5061177.0,853914.52
2026135,2026-05-25,"4,8,7",7180,10784950,9214747.0,0.0
2026134,2026-05-24,"6,5,4",3793,10698688,4992565.0,2000000.0
2026133,2026-05-23,"0,8,0",3157,10900996,3953836.0,1714681.92
2026132,2026-05-22,"7,5,6",5596,11192882,7321984.0,0.0
2026131,2026-05-21,"5,9,8",5499,10906326,6961883.0,0.0
2026130,2026-05-20,"2,6,7",6056,10817556,7518228.0,106901.12
2026129,2026-05-19,"0,2,3",0,10718250,2676361.0,2000000.0
2026128,2026-05-18,"7,7,6",1870,11010150,2545953.0,2000000.0
2026127,2026-05-17,"7,0,0",2941,11117382,3677837.0,2000000.0
2026126,2026-05-16,"8,4,6",5299,10781096,6618975.0,286803.96
2026125,2026-05-15,"9,5,4",5039,11149452,6498106.0,1299609.04
2026124,2026-05-14,"2,8,0",2587,10692036,3551173.0,2000000.0
2026123,2026-05-13,"2,0,0",1733,10928224,2130069.0,2000000.0
2026122,2026-05-12,"3,4,6",4384,11031544,5953445.0,1782957.88
2026121,2026-05-11,"3,9,3",3905,11506106,4927399.0,2000000.0
2026120,2026-05-10,"7,3,4",4197,10907314,5701203.0,1736850.12
2026119,2026-05-09,"1,1,2",3175,11509842,4218868.0,1766249.84
2026118,2026-05-08,"1,3,2",7615,11719888,9547084.0,0.0
2026117,2026-05-07,"4,1,1",2938,11329162,3857987.0,2000000.0
2026116,2026-05-06,"0,2,0",1749,11860036,2207817.0,2000000.0
2026115,2026-05-05,"5,8,1",7748,11026662,9545793.0,0.0
2026114,2026-05-04,"8,6,4",3494,10765726,4863280.0,2000000.0
2026113,2026-05-03,"0,4,0",5087,11310268,5801811.0,2000000.0
2026112,2026-05-02,"0,6,5",2213,11500734,3401897.0,2000000.0
2026111,2026-05-01,"8,6,3",3657,11780216,5195040.0,1390288.16
2026110,2026-04-30,"3,7,9",4647,12334792,5954476.0,459615.84
2026109,2026-04-29,"1,9,5",7072,12364832,9009587.0,0.0
2026108,2026-04-28,"6,7,1",3135,12281852,5037551.0,1579998.16
2026107,2026-04-27,"2,7,8",4604,12110756,6066607.0,230986.12
2026106,2026-04-26,"9,2,8",7097,11769466,8701237.0,0.0
2026105,2026-04-25,"6,3,1",3447,11435268,4995876.0,2000000.0
2026104,2026-04-24,"4,8,2",3299,11785026,4439676.0,2000000.0
2026103,2026-04-23,"6,6,1",2549,11938158,3390302.0,2000000.0
2026102,2026-04-22,"4,2,0",2717,11987872,3742349.0,2000000.0
2026101,2026-04-21,"5,8,4",4198,11843894,5421751.0,2000000.0
2026100,2026-04-20,"4,1,4",3548,11669742,4387125.0,2000000.0
2026099,2026-04-19,"8,7,7",1799,12025466,2631519.0,2000000.0
2026098,2026-04-18,"5,1,3",5371,11603966,6693288.0,0.0
2026097,2026-04-17,"8,1,8",6996,12005442,8238632.0,0.0
2026096,2026-04-16,"6,8,9",6365,11476418,7659600.0,308137.36
2026095,2026-04-15,"0,2,2",1860,12055448,2718499.0,2000000.0
2026094,2026-04-14,"4,1,8",4664,12080518,5865028.0,416841.36
2026093,2026-04-13,"5,1,8",9006,11672560,10920268.0,0.0
2026092,2026-04-12,"8,7,0",3206,11640016,4340129.0,1712679.32
2026091,2026-04-11,"5,3,7",6743,11451358,8939380.0,0.0
2026090,2026-04-10,"8,1,6",5204,11578180,6605375.0,1415278.6
2026089,2026-04-09,"9,2,2",2459,11443352,3148749.0,2000000.0
2026088,2026-04-08,"6,0,8",8622,11404258,10422988.0,0.0
2026087,2026-04-07,"9,1,1",2430,11566114,3209957.0,2000000.0
2026086,2026-04-06,"3,8,2",5127,11013980,6686856.0,0.0
2026085,2026-04-05,"1,1,8",5575,10961076,6783958.0,0.0
2026084,2026-04-04,"4,5,6",8824,10760576,10708402.0,0.0
2026083,2026-04-03,"5,0,6",5324,11509858,6791362.0,1193764.16
2026082,2026-04-02,"9,4,2",4615,11502636,5849633.0,2000000.0
2026081,2026-04-01,"8,2,7",4208,11372386,5717137.0,2000000.0
2026080,2026-03-31,"8,0,2",3232,11032214,4263015.0,2000000.0
2026079,2026-03-30,"2,3,3",1896,11502324,2463646.0,2000000.0
2026078,2026-03-29,"0,4,9",3402,11117526,4570956.0,2000000.0
2026077,2026-03-28,"1,1,2",3005,11570216,3916805.0,2000000.0
2026076,2026-03-27,"8,6,3",4124,12137154,5857265.0,454055.08
2026075,2026-03-26,"8,1,6",9141,11756806,11036329.0,0.0
2026074,2026-03-25,"4,8,7",5701,11901308,7327767.0,860913.16
2026073,2026-03-24,"5,0,4",3059,11792696,3910213.0,2000000.0
2026072,2026-03-23,"2,4,5",5251,11613612,7140121.0,0.0
2026071,2026-03-22,"2,6,1",7256,11236360,8580924.0,0.0
2026070,2026-03-21,"4,8,4",6023,11343862,7541243.0,278509.24
2026069,2026-03-20,"9,0,8",4769,12020570,6202556.0,1920944.0
2026068,2026-03-19,"7,0,6",4979,11594830,6156508.0,1872803.6
2026067,2026-03-18,"6,9,5",4147,11555830,5367736.0,2000000.0
2026066,2026-03-17,"9,3,4",2095,11544216,2917449.0,2000000.0
2026065,2026-03-16,"0,5,7",3671,11735272,4838382.0,2000000.0
2026064,2026-03-15,"6,0,4",4234,11591804,5221955.0,805783.08
2026063,2026-03-14,"5,1,7",8725,11003428,10455518.0,0.0
2026062,2026-03-13,"2,9,4",1840,11800998,2335282.0,2000000.0
2026061,2026-03-12,"4,2,9",4289,11161008,5379085.0,2000000.0
2026060,2026-03-11,"9,4,3",3119,11221298,3959943.0,2000000.0
2026059,2026-03-10,"7,9,4",3360,11220092,4830423.0,1004024.84
2026058,2026-03-09,"5,4,3",8555,10725108,10623009.0,0.0
2026057,2026-03-08,"2,6,4",3863,10462484,5381284.0,2000000.0
2026056,2026-03-07,"4,7,7",2721,10559936,3431448.0,2000000.0
2026055,2026-03-06,"1,0,7",3341,11278042,4079155.0,2000000.0
2026054,2026-03-05,"2,1,7",3770,10801046,4802292.0,814251.92
2026053,2026-03-04,"7,5,5",5788,10523908,6923247.0,0.0
2026052,2026-03-03,"2,7,7",4761,10787636,5863262.0,191092.8
2026051,2026-03-02,"3,0,2",4213,10712348,5175660.0,444784.08
2026050,2026-03-01,"6,8,9",4356,10332506,5322880.0,50023.12
2026049,2026-02-28,"1,1,0",6485,11113418,7351734.0,0.0
2026048,2026-02-27,"6,1,2",7412,11089884,8909782.0,0.0
2026047,2026-02-26,"9,3,6",6070,10671274,7714259.0,0.0
2026046,2026-02-25,"2,9,1",6960,10134618,8702331.0,0.0
2026045,2026-02-24,"1,8,1",3074,11178684,3973648.0,1839267.68
2026044,2026-02-13,"5,8,9",11085,14043692,13158728.0,0.0
2026043,2026-02-12,"7,6,5",10873,12402612,13180720.0,0.0
2026042,2026-02-11,"8,5,4",3308,11916366,4421049.0,2000000.0
2026041,2026-02-10,"9,0,1",4161,11994074,5176610.0,2000000.0
2026040,2026-02-09,"4,2,5",3280,11910860,4330209.0,2000000.0
2026039,2026-02-08,"4,5,0",2971,11687578,3913423.0,2000000.0
2026038,2026-02-07,"4,6,7",3970,11648666,5372401.0,2000000.0
2026037,2026-02-06,"4,2,0",2357,12298446,3108928.0,2000000.0
2026036,2026-02-05,"7,6,2",3950,11913322,5448951.0,745976.44
2026035,2026-02-04,"2,1,3",6676,11710286,8487391.0,0.0
2026034,2026-02-03,"0,5,2",2873,11524844,3864948.0,2000000.0
2026033,2026-02-02,"1,1,9",3173,11982102,3980075.0,2000000.0
2026032,2026-02-01,"4,5,2",4317,11704956,5906922.0,2000000.0
2026031,2026-01-31,"1,4,2",3521,11435344,4777875.0,2000000.0
2026030,2026-01-30,"1,3,4",4765,11469338,6289656.0,1674399.76
2026029,2026-01-29,"0,0,3",1642,12067130,2225544.0,2000000.0
2026028,2026-01-28,"2,7,0",5002,11599186,6332131.0,1059263.36
2026027,2026-01-27,"1,2,6",5260,11193532,6460819.0,1359817.64
2026026,2026-01-26,"0,9,9",2225,11768060,3033770.0,2000000.0
2026025,2026-01-25,"0,2,9",3154,11684118,4310482.0,2000000.0
2026024,2026-01-24,"9,1,1",3005,11772572,3862703.0,2000000.0
2026023,2026-01-23,"7,8,4",3597,12101126,5092344.0,1200241.52
2026022,2026-01-22,"6,7,8",8059,11777912,9999893.0,0.0
2026021,2026-01-21,"5,5,9",3000,11940724,3657083.0,2000000.0
2026020,2026-01-20,"6,7,6",4315,11954532,5248996.0,2000000.0
2026019,2026-01-19,"2,2,3",4425,12288744,5464683.0,1848702.32
2026018,2026-01-18,"4,9,4",4464,12420672,5535511.0,923238.44
2026017,2026-01-17,"9,4,5",7326,12026118,8875747.0,0.0
2026016,2026-01-16,"5,8,2",4330,12639910,6285959.0,1352885.52
2026015,2026-01-15,"5,3,2",5602,12313966,7337171.0,1066091.32
2026014,2026-01-14,"0,5,0",2274,12831706,2866138.0,2000000.0
2026013,2026-01-13,"5,1,3",8742,12505758,10826402.0,0.0
2026012,2026-01-12,"2,4,1",3712,12426010,5052247.0,2000000.0
2026011,2026-01-11,"6,4,7",3482,11921502,4803009.0,2000000.0
2026010,2026-01-10,"6,6,7",3008,11802054,3870646.0,2000000.0
2026009,2026-01-09,"2,6,5",6566,12143340,8334611.0,0.0
2026008,2026-01-08,"2,5,2",3522,12042026,4546895.0,2000000.0
2026007,2026-01-07,"3,5,3",4245,12326252,5431170.0,2000000.0
2026006,2026-01-06,"2,4,4",4146,12738598,5296333.0,1327737.96
2026005,2026-01-05,"4,7,6",5474,12733934,7297797.0,0.0
2026004,2026-01-04,"0,1,9",7804,12764064,9303343.0,0.0
2026003,2026-01-03,"6,0,1",4797,12522998,5787248.0,724710.96
2026002,2026-01-02,"5,2,0",8633,12652708,9893805.0,0.0
2026001,2026-01-01,"2,9,8",8276,13926682,11103734.0,0.0
2025351,2025-12-31,"4,5,2",6519,15223822,9405200.0,0.0
2025350,2025-12-30,"5,8,0",7128,15142902,10105598.0,0.0
2025349,2025-12-29,"7,4,3",10931,14559766,14014722.0,0.0
2025348,2025-12-28,"2,7,8",7730,14055814,10568870.0,0.0
2025347,2025-12-27,"1,9,2",2778,13806536,4955977.0,2000000.0
2025346,2025-12-26,"8,9,7",5698,14116472,8299204.0,1041361.44
2025345,2025-12-25,"6,3,0",3430,13707748,5510769.0,2000000.0
2025344,2025-12-24,"6,2,2",4951,14135506,7111366.0,2000000.0
2025343,2025-12-23,"6,4,5",3495,13955938,5932094.0,2000000.0
2025342,2025-12-22,"6,8,1",4950,13582642,7715158.0,1347815.84
2025341,2025-12-21,"9,9,6",2536,13721512,4177834,2000000.0
2025340,2025-12-20,"1,3,0",4237,13363178,6353459,1957533.56
2025339,2025-12-19,"6,7,6",5654,14304600,8076252,1362140.0
2025338,2025-12-18,"6,8,9",4113,13803420,6067345,2000000.0
2025337,2025-12-17,"8,7,6",3553,11993202,5016513,2000000.0
2025336,2025-12-16,"6,4,1",3565,11984726,5085380,2000000.0
2025335,2025-12-15,"0,5,1",2054,11922658,2894735,2000000.0
2025334,2025-12-14,"1,9,8",6423,11647320,8126400,0.0
2025333,2025-12-13,"2,7,3",5042,10922030,6718420,961035.6
2025332,2025-12-12,"8,8,5",2237,11600318,2915554,2000000.0
2025331,2025-12-11,"0,5,0",2425,12011250,3026647,2000000.0
2025330,2025-12-10,"0,6,2",1762,12026142,2746694,2000000.0
2025329,2025-12-09,"5,6,4",3740,11727574,5543841,2000000.0
2025328,2025-12-08,"0,4,0",1852,12209812,2414629,2000000.0
2025327,2025-12-07,"7,8,9",10026,11801714,12210077,0.0
2025326,2025-12-06,"1,8,5",3632,11461616,5419066,540974.32
2025325,2025-12-05,"1,6,5",7286,11863156,9022554,0.0
2025324,2025-12-04,"6,6,1",2081,12084030,2781839,2000000.0
2025323,2025-12-03,"5,5,1",2761,12141654,3506586,2000000.0
2025322,2025-12-02,"2,2,6",3101,12476122,3745583,2000000.0
2025321,2025-12-01,"8,4,7",8973,11754470,10962765,0.0
2025320,2025-11-30,"1,2,1",4494,13010184,5307963,1457332.68
2025319,2025-11-29,"2,9,4",7589,12903436,9063259,0.0
2025318,2025-11-28,"4,3,0",5322,13355484,6787339,2000000.0
2025317,2025-11-27,"3,0,1",4264,13280690,5426063,2000000.0
2025316,2025-11-26,"7,7,5",3615,13511732,4736959,2000000.0
2025315,2025-11-25,"7,2,9",10046,13358998,12047749,0.0
2025314,2025-11-24,"9,1,7",7961,12916986,9566996,0.0
2025313,2025-11-23,"6,6,4",2806,13091010,3836393,2000000.0
2025312,2025-11-22,"6,8,9",4982,13114864,6300688,2000000.0
2025311,2025-11-21,"6,4,0",5169,13609742,6536362,2000000.0
2025310,2025-11-20,"1,6,9",4450,13402584,5867924,2000000.0
2025309,2025-11-19,"1,9,0",3877,13076534,5136589,2000000.0
2025308,2025-11-18,"4,4,8",5232,12369356,6542644,376790.6
2025307,2025-11-17,"1,6,4",6345,12283124,7899855,487369.48
2025306,2025-11-16,"6,9,7",3802,12266214,4919482,2000000.0
2025305,2025-11-15,"3,1,0",2332,12311450,2994221,2000000.0
2025304,2025-11-14,"4,7,1",6308,12611642,8125365,432688.84
2025303,2025-11-13,"9,3,3",2409,12595572,3215464,2000000.0
2025302,2025-11-12,"7,1,5",3894,12445722,5084609,2000000.0
2025301,2025-11-11,"7,5,5",3356,12778728,4449422,2000000.0
2025300,2025-11-10,"8,6,7",6483,12683118,8623571,0.0
2025299,2025-11-09,"3,8,5",8877,12049856,11013911,0.0
2025298,2025-11-08,"5,4,4",3409,12406552,4424837,2000000.0
2025297,2025-11-07,"0,5,1",1917,13421842,2658904,2000000.0
2025296,2025-11-06,"5,3,7",9104,12888138,11204726,0.0
2025295,2025-11-05,"2,7,3",5558,12463442,7761449,459509.12
2025294,2025-11-04,"5,1,3",5483,12341564,6677645,1739968.28
2025293,2025-11-03,"1,5,4",2714,11982630,3961113,2000000.0
2025292,2025-11-02,"1,1,7",3767,12045306,4525322,2000000.0
2025291,2025-11-01,"7,9,4",4252,11819914,5749369,2000000.0
2025290,2025-10-31,"3,3,2",2889,13140716,3699676,2000000.0
2025289,2025-10-30,"4,7,3",7173,12596882,8957078,0.0
2025288,2025-10-29,"7,6,7",2718,12996854,3500182,2000000.0
2025287,2025-10-28,"8,0,5",8281,12694076,10617177,0.0
2025286,2025-10-27,"8,2,7",9344,12423592,11258656,0.0
2025285,2025-10-26,"1,7,2",5533,11816676,7207131,937540.52
2025284,2025-10-25,"8,4,4",1182,12106862,1681673,2000000.0
2025283,2025-10-24,"6,6,4",2699,13321112,3444022,2000000.0
2025282,2025-10-23,"4,1,6",6855,12653706,8491918,88009.12
2025281,2025-10-22,"8,9,7",3473,12904658,4766224,2000000.0
2025280,2025-10-21,"4,1,1",2569,13492728,3403825,2000000.0
2025279,2025-10-20,"7,5,2",10720,13194238,13113969,0.0
2025278,2025-10-19,"6,2,9",10605,12838836,12558444,0.0
2025277,2025-10-18,"0,6,1",3337,12671766,4213579,2000000.0
2025276,2025-10-17,"7,1,4",7721,12881594,10038778,0.0
2025275,2025-10-16,"2,0,3",4772,12812930,6016857,1353219.68
2025274,2025-10-15,"5,9,6",6256,12669704,7880893,707353.08
2025273,2025-10-14,"0,4,5",3606,12528606,4692607,2000000.0
2025272,2025-10-13,"9,6,7",3831,12588704,5149418,2000000.0
2025271,2025-10-12,"7,2,7",4518,12702596,5452311,1153038.92
2025270,2025-10-11,"4,0,8",8586,12483146,9931054,0.0
2025269,2025-10-10,"0,5,5",4505,13250216,5727839,1162273.32
2025268,2025-10-09,"6,7,4",9042,12717538,11331265,0.0
2025267,2025-10-08,"3,9,1",3590,12533504,4850577,1666845.08
2025266,2025-10-07,"7,2,3",5078,11633930,6784696,0.0
2025265,2025-10-06,"5,4,6",6094,10981962,7963429,0.0
2025264,2025-10-05,"7,3,4",3803,10975596,5019414,2000000.0
2025263,2025-09-30,"3,9,9",2870,13806864,3607226,2000000.0
2025262,2025-09-29,"9,1,4",10292,13450342,12046789,0.0
2025261,2025-09-28,"7,5,1",4645,12741528,6163314,2000000.0
2025260,2025-09-27,"1,9,9",4423,13091860,5455585,2000000.0
2025259,2025-09-26,"6,2,5",4044,13614014,5871569,1954978.28
2025258,2025-09-25,"6,2,6",6488,13604342,7787250,747260.0
2025257,2025-09-24,"8,6,0",5770,13356958,7485366,1460252.16
2025256,2025-09-23,"4,0,6",4900,13316150,5998441,2000000.0
2025255,2025-09-22,"2,6,4",5148,13284226,6994033,1913764.52
2025254,2025-09-21,"0,7,2",3373,13341410,4610568,2000000.0
2025253,2025-09-20,"4,5,7",8750,12802054,11064785,0.0
2025252,2025-09-19,"7,9,2",5431,13084444,7259707,1544203.88
2025251,2025-09-18,"8,6,8",5428,13214402,6601495,2000000.0
2025250,2025-09-17,"9,0,2",3226,13192542,4487669,2000000.0
2025249,2025-09-16,"9,5,2",5064,13055630,6453848,335079.6
2025248,2025-09-15,"5,2,6",7230,12621182,8961509,0.0
2025247,2025-09-14,"2,6,2",3054,12534696,3748319,2000000.0
2025246,2025-09-13,"9,9,7",1702,12686434,2393396,2000000.0
2025245,2025-09-12,"8,4,8",5463,13417812,6648811,2000000.0
2025244,2025-09-11,"6,7,3",4124,13342476,5417176.0,2000000.0
2025243,2025-09-10,"1,7,6",4252,13118316,5785623.0,2000000.0
2025242,2025-09-09,"9,9,0",4218,13514486,5780969.0,2000000.0
2025241,2025-09-08,"1,6,0",4329,13425626,5511366.0,1469959.52
2025240,2025-09-07,"4,1,9",8390,13117098,9880934.0,0.0
2025239,2025-09-06,"1,2,5",9210,13106850,10688727.0,0.0
2025238,2025-09-05,"8,6,0",4074,13224150,5720907.0,2000000.0
2025237,2025-09-04,"5,9,0",4957,12814042,6111717.0,2000000.0
2025236,2025-09-03,"3,5,5",2610,13082564,3288607.0,2000000.0
2025235,2025-09-02,"9,6,9",2067,13729050,2798185.0,2000000.0
2025234,2025-09-01,"6,2,0",3986,13665642,5135549.0,1970584.84
2025220,2025-08-18,"5,3,6",9294,13946254,11700180.0,0.0
2025219,2025-08-17,"9,0,0",3798,14513192,4901076.0,2000000.0
2025218,2025-08-16,"5,2,6",4363,14652846,5543268.0,2000000.0
2025217,2025-08-15,"8,9,4",3403,15643710,4914631.0,2000000.0
2025216,2025-08-14,"6,2,5",9676,15156936,12222594.0,0.0
2025215,2025-08-13,"8,5,3",10502,15352656,13084818.0,0.0
2025214,2025-08-12,"9,2,0",7903,21317210,14644633.0,541548.2
2025213,2025-08-11,"3,8,1",8982,20912450,16830177.0,0.0
2025212,2025-08-10,"4,5,6",9071,20293460,16465756.0,595963.2
2025211,2025-08-09,"8,9,7",4646,20220846,10543960.0,2000000.0
2025210,2025-08-08,"5,2,0",13609,19784136,22809656.0,0.0
2025209,2025-08-07,"3,8,7",11618,19315686,20810561.0,0.0
2025208,2025-08-06,"4,3,2",7765,19304642,15175115.0,201043.08
2025207,2025-08-05,"2,5,5",6579,18791112,8708820.0,1062558.24
2025206,2025-08-04,"4,4,4",13547,19551620,19668515.0,0.0
2025205,2025-08-03,"9,2,0",9839,19167514,17647478.0,0.0
2025204,2025-08-02,"0,0,7",6251,20239318,8651555.0,2000000.0
2025203,2025-08-01,"0,1,3",5405,20712188,10025866.0,2000000.0
2025202,2025-07-31,"9,5,3",11229,19256160,19837938.0,0.0
2025201,2025-07-30,"8,4,6",7741,18027920,14628932.0,755251.4
2025200,2025-07-29,"0,1,5",3121,12791098,4148169.0,2000000.0
2025199,2025-07-28,"9,4,3",4608,12323190,6021095.0,2000000.0
2025198,2025-07-27,"8,9,8",2599,12979668,3450811.0,2000000.0
2025197,2025-07-26,"0,5,7",11230,13359262,13210257.0,0.0
2025196,2025-07-25,"7,3,4",6224,13748016,8274374.0,0.0
2025195,2025-07-24,"9,8,0",5220,13282900,6642692.0,264416.0
2025194,2025-07-23,"7,2,6",6629,12653504,8413601.0,0.0
2025193,2025-07-22,"8,7,6",5278,12724012,6883137.0,1733349.24
2025192,2025-07-21,"6,9,1",4183,12249160,6020593.0,2000000.0
2025191,2025-07-20,"2,0,2",4567,12552018,5537584.0,2000000.0
2025190,2025-07-19,"4,0,2",3748,12467072,4540103.0,1942774.44
2025189,2025-07-18,"9,0,7",7904,12455104,9784327.0,0.0
2025188,2025-07-17,"0,1,8",6879,12392856,8362903.0,81382.12
2025187,2025-07-16,"7,6,1",4314,13327872,5839971.0,2000000.0
2025186,2025-07-15,"2,2,7",4138,12650698,5151050.0,2000000.0
2025185,2025-07-14,"1,6,4",3943,12534100,5162356.0,2000000.0
2025184,2025-07-13,"7,9,9",2487,12438508,3272825.0,2000000.0
2025183,2025-07-12,"7,4,4",3315,12740530,4528638.0,2000000.0
2025182,2025-07-11,"7,0,8",8943,12733952,10241203.0,0.0
2025181,2025-07-10,"8,8,6",3320,13113216,4267293.0,2000000.0
2025180,2025-07-09,"2,6,0",3037,13169412,4230119.0,2000000.0
2025179,2025-07-08,"2,8,0",7857,13080378,9205779.0,0.0
2025178,2025-07-07,"7,2,8",11016,12810094,13463168.0,0.0
2025177,2025-07-06,"4,9,7",5606,12338186,7493305.0,922551.72
2025176,2025-07-05,"1,2,2",2441,12575132,3225822.0,2000000.0
2025175,2025-07-04,"6,1,6",4410,13036202,5414954.0,2000000.0
2025174,2025-07-03,"5,3,3",2254,13417600,2985252.0,2000000.0
2025173,2025-07-02,"0,9,2",5645,13529706,7623507.0,180222.08
2025172,2025-07-01,"4,0,6",6826,13417098,8208609.0,768281.96
2025171,2025-06-30,"1,1,3",3669,13966400,4571878.0,2000000.0
2025170,2025-06-29,"4,7,5",7463,13177928,9713593.0,0.0
2025169,2025-06-28,"9,7,8",2827,13333954,4083029.0,2000000.0
2025168,2025-06-27,"5,1,4",11053,13747536,13591355.0,0.0
2025167,2025-06-26,"7,0,2",5179,13242882,6609903.0,2000000.0
2025166,2025-06-25,"8,0,8",5880,13387168,7032136.0,1746774.96
2025165,2025-06-24,"6,0,9",5935,13341230,7119856.0,1817583.6
2025164,2025-06-23,"3,3,7",3780,13444132,4694721.0,2000000.0
2025163,2025-06-22,"6,3,6",5372,13672608,6580692.0,529064.16
2025162,2025-06-21,"2,7,5",8828,13508010,10882692.0,0.0
2025161,2025-06-20,"7,4,8",10653,13462942,12786129.0,0.0
2025160,2025-06-19,"5,0,3",5043,13079562,6196433.0,2000000.0
2025159,2025-06-18,"0,7,3",3807,12997780,5005050.0,2000000.0
2025158,2025-06-17,"7,0,1",3449,12794062,4566401.0,2000000.0
2025157,2025-06-16,"9,6,9",4377,13405104,5273886.0,2000000.0
2025156,2025-06-15,"7,7,5",4696,13151192,5938247.0,2000000.0
2025155,2025-06-14,"4,9,9",3228,13156916,3975304.0,2000000.0
2025154,2025-06-13,"9,2,3",5689,13867694,7171561.0,1464987.92
2025153,2025-06-12,"0,6,9",6024,13738202,7718517.0,1425348.04
2025152,2025-06-11,"2,1,0",3634,13670304,4702163.0,2000000.0
2025151,2025-06-10,"7,1,8",8669,13658390,10349197.0,0.0
2025150,2025-06-09,"3,2,1",2106,13800030,2918712.0,2000000.0
2025149,2025-06-08,"7,3,4",5574,13509828,7685277.0,1339833.56
2025148,2025-06-07,"8,3,8",2805,13057098,3666803.0,2000000.0
2025147,2025-06-06,"3,2,1",5665,13896102,7368221.0,401472.16
2025146,2025-06-05,"8,9,7",4508,13612806,6534939.0,543720.12
2025145,2025-06-04,"2,6,7",7278,12700640,9355886.0,0.0
2025144,2025-06-03,"6,6,6",11546,14142528,12056657.0,0.0
2025143,2025-06-02,"2,5,6",8254,13474042,10679200.0,0.0
2025142,2025-06-01,"9,1,6",6029,12739250,7452558.0,1171852.0
2025141,2025-05-31,"2,0,2",2636,13349980,3263340.0,2000000.0
2025140,2025-05-30,"1,4,9",7264,13863906,9577038.0,0.0
2025139,2025-05-29,"5,9,8",5445,14256016,7103863.0,440000.92
2025138,2025-05-28,"2,9,6",6912,13534680,8907298.0,130735.6
2025137,2025-05-27,"8,3,8",3288,14206710,4196071.0,2000000.0
2025136,2025-05-26,"1,1,3",3359,15123638,4496499.0,2000000.0
2025135,2025-05-25,"4,5,8",5965,14885354,7434068.0,326673.4
2025134,2025-05-24,"7,4,8",7362,14535066,9537877.0,20357.32
2025133,2025-05-23,"6,4,5",4738,15261624,6643335.0,2000000.0
2025132,2025-05-22,"6,8,9",6539,14778178,7944504.0,1740148.56
2025131,2025-05-21,"2,0,3",5134,14994638,6418267.0,2000000.0
2025130,2025-05-20,"2,0,4",5581,15387738,7078857.0,922766.76
2025129,2025-05-19,"9,1,5",11639,14366562,14213318.0,0.0
2025128,2025-05-18,"8,1,4",7477,14240350,9025132.0,0.0
2025127,2025-05-17,"4,3,1",6929,14202928,8615291.0,770231.56
2025126,2025-05-16,"3,2,0",3781,15022102,4961188.0,2000000.0
2025125,2025-05-15,"3,5,1",5204,14683716,6780180.0,855352.32
2025124,2025-05-14,"8,0,9",6846,14409982,8527422.0,0.0
2025123,2025-05-13,"7,2,5",9125,13870142,11314351.0,0.0
2025122,2025-05-12,"4,8,8",8235,14203852,10505846.0,0.0
2025121,2025-05-11,"1,2,0",3853,14400090,4704140.0,2000000.0
2025120,2025-05-10,"9,1,2",5089,14296524,6527556.0,906636.48
2025119,2025-05-09,"3,1,5",9840,14497486,11625620.0,0.0
2025118,2025-05-08,"6,2,1",3310,14058608,4417863.0,2000000.0
2025117,2025-05-07,"8,4,9",3990,14244154,5329411.0,2000000.0
2025116,2025-05-06,"3,2,0",4145,14397718,5163466.0,2000000.0
2025115,2025-05-05,"2,0,6",5091,14156066,6343067.0,1018087.32
2025114,2025-05-04,"3,7,5",5879,13585022,7688050.0,0.0
2025113,2025-05-03,"6,3,5",9387,13193350,11717585.0,0.0
2025112,2025-05-02,"9,5,4",4023,13373256,5456019.0,2000000.0
2025111,2025-05-01,"2,7,0",3179,13553810,4224801.0,2000000.0
2025110,2025-04-30,"9,1,4",7494,13915990,9102844.0,0.0
2025109,2025-04-29,"8,4,1",6878,14058282,8973459.0,336847.64
2025108,2025-04-28,"4,0,7",5191,13928538,6256422.0,2000000.0
2025107,2025-04-27,"0,2,7",3633,13837460,4871823.0,2000000.0
2025106,2025-04-26,"7,5,2",6869,13311576,8899998.0,0.0
2025105,2025-04-25,"0,1,5",6770,13583612,7873772.0,1189706.24
2025104,2025-04-24,"8,7,7",3400,13770160,4170045.0,2000000.0
2025103,2025-04-23,"3,7,0",6191,13561578,7494833.0,1557187.56
2025102,2025-04-22,"1,6,1",5192,14305604,6340668.0,2000000.0
2025101,2025-04-21,"0,1,6",2889,14349734,3921015.0,2000000.0
2025100,2025-04-20,"9,5,3",7107,13947108,9497164.0,0.0
2025099,2025-04-19,"7,0,7",6572,14190512,8020128.0,0.0
2025098,2025-04-18,"7,1,4",11481,14789538,14116174.0,0.0
2025097,2025-04-17,"5,4,2",6127,14415188,8231645.0,0.0
2025096,2025-04-16,"3,8,5",8318,14118606,10758720.0,0.0
2025095,2025-04-15,"0,6,8",6021,14031360,7906632.0,0.0
2025094,2025-04-14,"6,4,9",8904,13279026,11273004.0,0.0
2025093,2025-04-13,"5,4,5",3977,13540018,4949945.0,2000000.0
2025092,2025-04-12,"3,1,7",6723,13497260,8378530.0,0.0
2025091,2025-04-11,"1,3,5",4867,14265536,6143884.0,1274194.72
2025090,2025-04-10,"1,5,9",10609,13511860,12896616.0,0.0
2025089,2025-04-09,"6,5,8",5658,12896426,6979330.0,1726811.52
2025088,2025-04-08,"0,2,2",833,13565538,1323941.0,2000000.0
2025087,2025-04-07,"8,2,6",10290,12915982,12474494.0,0.0
2025086,2025-04-06,"3,8,8",2983,12811300,3767015.0,2000000.0
2025085,2025-04-05,"3,3,8",2352,12631862,3077241.0,2000000.0
2025084,2025-04-04,"0,3,0",1804,13426578,2239257.0,2000000.0
2025083,2025-04-03,"9,1,5",5650,13558346,7626881.0,0.0
2025082,2025-04-02,"4,1,7",8156,13540866,10605705.0,0.0
2025081,2025-04-01,"4,0,3",6118,13407484,7473659.0,1498232.68
2025080,2025-03-31,"5,0,0",3571,13779682,4227458.0,2000000.0
2025079,2025-03-30,"6,5,7",4142,12782548,5925975.0,2000000.0
2025078,2025-03-29,"0,0,0",4933,14425384,5146331.0,2000000.0
2025077,2025-03-28,"6,2,5",11720,14612722,14365324.0,0.0
2025076,2025-03-27,"7,8,1",4122,14268268,5752048.0,1667451.36
2025075,2025-03-26,"7,0,9",6850,14374122,8604695.0,0.0
2025074,2025-03-25,"4,1,9",10819,13831094,13169712.0,0.0
2025073,2025-03-24,"7,7,8",2931,14132402,3966648.0,2000000.0
2025072,2025-03-23,"2,7,2",6969,14369852,8462299.0,577653.64
2025071,2025-03-22,"4,3,4",5429,16611680,7070444.0,1567629.6
2025070,2025-03-21,"7,4,8",8226,16534652,11440822.0,0.0
2025069,2025-03-20,"9,0,6",4311,15400584,6752037.0,1256266.68
2025068,2025-03-19,"5,5,5",11996,17122428,12593636.0,0.0
2025067,2025-03-18,"3,8,5",4819,17008828,7545468.0,2000000.0
2025066,2025-03-17,"7,2,0",5017,16949214,7505318.0,1308273.28
2025065,2025-03-16,"5,3,8",10895,14699668,13405781.0,0.0
2025064,2025-03-15,"9,2,8",7735,14178838,9502641.0,0.0
2025063,2025-03-14,"4,0,5",5256,14766174,6415353.0,2000000.0
2025062,2025-03-13,"8,1,0",4218,14909470,5391147.0,2000000.0
2025061,2025-03-12,"4,7,6",7304,14341134,9732943.0,0.0
2025060,2025-03-11,"9,3,8",11070,14036950,13306594.0,0.0
2025059,2025-03-10,"8,4,7",4036,13915050,5557341.0,2000000.0
2025058,2025-03-09,"4,0,5",5348,13774372,6650164.0,512509.44
2025057,2025-03-08,"3,9,7",5533,13438300,7417761.0,0.0
2025056,2025-03-07,"4,9,2",5160,13999936,7326003.0,0.0
2025055,2025-03-06,"3,6,8",11178,13300596,13718450.0,0.0
2025054,2025-03-05,"4,9,7",5307,12758224,7493288.0,1140988.48
2025053,2025-03-04,"8,9,5",3199,12736482,4698359.0,2000000.0
2025052,2025-03-03,"5,8,5",3060,13254810,3863452.0,2000000.0
2025051,2025-03-02,"9,0,5",4328,12883818,5546811.0,1152774.36
2025050,2025-03-01,"8,0,6",6963,12260834,8579806.0,0.0
2025049,2025-02-28,"0,0,4",2019,13570994,2673201.0,2000000.0
2025048,2025-02-27,"6,4,0",3662,13287076,5131631.0,2000000.0
2025047,2025-02-26,"2,4,8",4944,13129624,6331387.0,1734033.08
2025046,2025-02-25,"4,9,0",5975,12891830,7465736.0,1238015.6
2025045,2025-02-24,"5,5,4",3666,13181010,4346892.0,2000000.0
2025044,2025-02-23,"9,1,2",8672,12719842,10624668.0,0.0
2025043,2025-02-22,"4,7,5",3899,12474880,5556990.0,2000000.0
2025042,2025-02-21,"7,7,5",4033,13462396,5296844.0,2000000.0
2025041,2025-02-20,"4,0,1",2650,13296630,3739056.0,2000000.0
2025040,2025-02-19,"4,2,8",4398,13217168,5780026.0,2000000.0
2025039,2025-02-18,"9,3,2",4814,12820140,6456412.0,1748036.08
2025038,2025-02-17,"8,4,7",5253,12489914,6956780.0,1537975.28
2025037,2025-02-16,"1,3,1",3240,12770550,3869208.0,2000000.0
2025036,2025-02-15,"6,1,7",5842,12278006,7182865.0,1201698.12
2025035,2025-02-14,"7,7,8",1822,13245050,2576020.0,2000000.0
2025034,2025-02-13,"2,6,1",5933,12703896,7749387.0,856638.92
2025033,2025-02-12,"6,0,6",4440,12782180,5531103.0,2000000.0
2025032,2025-02-11,"4,9,9",2327,13195304,2916824.0,2000000.0
2025031,2025-02-10,"3,7,9",4813,13036480,6270622.0,2000000.0
2025030,2025-02-09,"3,0,2",2771,13143974,3554781.0,2000000.0
2025029,2025-02-08,"0,9,6",7293,12852594,8747802.0,0.0
2025028,2025-02-07,"4,0,9",6299,12740036,7961188.0,0.0
2025027,2025-02-06,"3,8,3",4927,13785740,6093544.0,1130016.44
2025026,2025-01-26,"5,8,8",7650,17184214,9803882.0,54975.64
2025025,2025-01-25,"4,8,6",5754,16565418,7690951.0,923066.36
2025024,2025-01-24,"7,6,2",7196,16734632,9729244.0,0.0
2025023,2025-01-23,"5,9,1",10074,15790912,12666503.0,0.0
2025022,2025-01-22,"6,3,8",4289,15578134,5626823.0,2000000.0
2025021,2025-01-21,"4,6,8",11873,14971206,14439488.0,0.0
2025020,2025-01-20,"0,5,6",5243,14866292,6954039.0,2000000.0
2025019,2025-01-19,"7,1,0",5310,14727484,6380464.0,1277827.68
2025018,2025-01-18,"8,3,6",9821,14341872,12382892.0,0.0
2025017,2025-01-17,"0,2,7",5939,14794620,7741093.0,1374622.96
2025016,2025-01-16,"1,0,4",4857,14892378,6321523.0,1422513.56
2025015,2025-01-15,"9,4,2",11608,14346824,14221170.0,0.0
2025014,2025-01-14,"6,7,9",7227,14358520,8889599.0,35890.44
2025013,2025-01-13,"6,0,6",5019,14646302,6157018.0,1459059.04
2025012,2025-01-12,"4,8,7",6072,14334858,8184709.0,0.0
2025011,2025-01-11,"5,1,8",8907,13253804,10740320.0,0.0
2025010,2025-01-10,"3,3,3",11812,14955276,12309068.0,0.0
2025009,2025-01-09,"4,1,6",11602,14449696,13974340.0,0.0
2025008,2025-01-08,"2,6,0",6739,14338232,8752891.0,702989.64
2025007,2025-01-07,"1,4,1",2116,14803832,2657041.0,2000000.0
2025006,2025-01-06,"8,9,8",5673,15615226,6945092.0,2000000.0
2025005,2025-01-05,"0,8,5",6296,15425372,8631177.0,1213482.2
2025004,2025-01-04,"6,3,4",5516,15080438,8018362.0,1823465.76
2025003,2025-01-03,"2,1,4",4006,15859326,5381773.0,2000000.0
2025002,2025-01-02,"9,1,6",11673,15326040,14352285.0,0.0
2025001,2025-01-01,"7,0,3",4361,14550358,6072567.0,2000000.0
2024352,2024-12-31,"2,9,2",6888,16672786,9435620.0,1234228.72
2024351,2024-12-30,"6,5,7",4117,17002946,6002294.0,2000000.0
2024350,2024-12-29,"6,7,2",10084,20221918,18273122.0,0.0
2024349,2024-12-28,"1,0,8",7491,19034814,13786237.0,1611120.8
2024348,2024-12-27,"9,2,8",7981,19836526,14647623.0,1706059.52
2024347,2024-12-26,"3,9,2",5892,19431352,11860799.0,2000000.0
2024346,2024-12-25,"0,5,6",4925,19720326,9250140.0,2000000.0
2024345,2024-12-24,"3,1,7",5440,19532402,10630129.0,2000000.0
2024344,2024-12-23,"3,0,5",0,19052338,22449141.0,0.0
2024343,2024-12-22,"2,1,4",8228,18418848,15142364.0,0.0
2024342,2024-12-21,"4,8,3",9276,18156672,16792120.0,0.0
2024341,2024-12-20,"3,7,1",6423,18717744,9405359.0,327867.88
2024340,2024-12-19,"2,7,8",9407,17468432,16934305.0,0.0
2024339,2024-12-18,"5,0,9",5049,17333618,6583281.0,2000000.0
2024338,2024-12-17,"9,7,7",4507,18463414,9552628.0,2000000.0
2024337,2024-12-16,"8,4,3",5796,18299790,11484944.0,2000000.0
2024336,2024-12-15,"9,6,4",4097,17536266,8322638.0,2000000.0
2024335,2024-12-14,"5,9,3",3311,17462596,6776753.0,2000000.0
2024334,2024-12-13,"5,4,1",4888,18480744,9941444.0,2000000.0
2024333,2024-12-12,"9,5,1",5694,17541470,11351717.0,2000000.0
2024332,2024-12-11,"7,6,5",5613,17603366,10951651.0,2000000.0
2024331,2024-12-10,"9,6,4",4487,17549714,9375032.0,2000000.0
2024330,2024-12-09,"1,6,7",9709,17171230,16934135.0,0.0
2024329,2024-12-08,"9,1,0",7612,16726620,13226828.0,0.0
2024328,2024-12-07,"3,0,6",8479,16489926,14517009.0,0.0
2024327,2024-12-06,"2,8,0",6741,17359900,11422905.0,1558521.48
2024326,2024-12-05,"7,2,2",5026,14283424,6511813.0,915567.48
2024325,2024-12-04,"1,5,8",11496,13980718,14011811.0,0.0
2024324,2024-12-03,"3,8,4",11281,13554716,13793766.0,0.0
2024323,2024-12-02,"5,3,6",8436,12837112,10751267.0,0.0
2024322,2024-12-01,"8,6,7",3892,12821710,5171822.0,2000000.0
2024321,2024-11-30,"5,4,2",3449,12315248,4825064.0,1971315.28
2024320,2024-11-29,"7,7,8",5157,13561516,6659538.0,392450.32
2024319,2024-11-28,"7,2,6",7003,12761584,9043185.0,0.0
2024318,2024-11-27,"5,2,5",9009,13258098,10996397.0,0.0
2024317,2024-11-26,"3,8,6",7013,12836144,8961373.0,0.0
2024316,2024-11-25,"7,8,9",11044,12888388,12969912.0,0.0
2024315,2024-11-24,"8,0,2",3518,12814018,4730264.0,1933025.36
2024314,2024-11-23,"6,7,2",6730,12290860,8715636.0,0.0
2024313,2024-11-22,"0,9,5",2836,12596614,3787524.0,2000000.0
2024312,2024-11-21,"7,5,4",5581,12358514,7441251.0,985176.28
2024311,2024-11-20,"0,6,7",5284,12320376,6365307.0,2000000.0
2024310,2024-11-19,"6,0,3",3144,12316060,4182696.0,2000000.0
2024309,2024-11-18,"5,3,9",4296,12261014,5491382.0,884345.28
2024308,2024-11-17,"6,5,4",5835,11755278,7473636.0,0.0
2024307,2024-11-16,"5,7,9",5661,11556726,6731625.0,1277872.52
2024306,2024-11-15,"2,9,6",4740,11778400,6091953.0,2000000.0
2024305,2024-11-14,"9,6,6",1891,11992220,2497309.0,2000000.0
2024304,2024-11-13,"1,6,9",7681,11875072,9215262.0,0.0
2024303,2024-11-12,"3,3,6",3110,11991034,3913656.0,2000000.0
2024302,2024-11-11,"5,1,6",7204,11849640,8606287.0,0.0
2024301,2024-11-10,"4,3,5",4086,10731444,5534400.0,45950.88
2024300,2024-11-09,"6,6,6",10411,11360980,10879328.0,0.0
2024299,2024-11-08,"9,4,9",1566,12048390,2040810.0,2000000.0
2024298,2024-11-07,"0,5,5",6188,12226906,7735196.0,0.0
2024297,2024-11-06,"3,7,2",7514,12277586,9197404.0,0.0
2024296,2024-11-05,"8,1,6",8766,12076712,10716986.0,0.0
2024295,2024-11-04,"5,7,1",3735,12058152,5236509.0,1527955.28
2024294,2024-11-03,"3,6,4",5416,11582160,7233057.0,494225.24
2024293,2024-11-02,"5,2,1",4627,11186752,6112552.0,1704559.04
2024292,2024-11-01,"4,6,2",1545,12188394,2136471.0,2000000.0
2024291,2024-10-31,"4,2,6",4617,11888140,6167545.0,2000000.0
2024290,2024-10-30,"9,1,1",3444,11833244,4426625.0,2000000.0
2024289,2024-10-29,"9,8,9",2929,12701932,3738786.0,2000000.0
2024288,2024-10-28,"8,3,9",5693,12338560,7260825.0,384334.72
2024287,2024-10-27,"1,9,2",3659,12018026,5020265.0,1229108.52
2024286,2024-10-26,"6,2,1",6372,11802534,7698863.0,0.0
2024285,2024-10-25,"7,1,8",10485,12061286,12430318.0,0.0
2024284,2024-10-24,"3,4,2",3159,11927936,4345188.0,1857338.72
2024283,2024-10-23,"4,1,9",7767,11569774,9153506.0,0.0
2024282,2024-10-22,"9,8,3",2461,11548162,3538437.0,2000000.0
2024281,2024-10-21,"9,0,0",2060,11882396,2544719.0,2000000.0
2024280,2024-10-20,"2,4,8",3960,11323380,4980707.0,2000000.0
2024279,2024-10-19,"0,6,0",1985,11560586,2410238.0,2000000.0
2024278,2024-10-18,"2,2,1",2062,12611276,2772325.0,2000000.0
2024277,2024-10-17,"6,8,4",2468,12706258,3628262.0,2000000.0
2024276,2024-10-16,"0,8,6",4162,12409892,5492222.0,2000000.0
2024275,2024-10-15,"8,2,7",4675,12542008,5807233.0,2000000.0
2024274,2024-10-14,"1,7,2",3384,12294950,4743624.0,2000000.0
2024273,2024-10-13,"8,3,3",2571,12442212,3360161.0,2000000.0
2024272,2024-10-12,"2,7,5",4293,12288650,5888520.0,2000000.0
2024271,2024-10-11,"7,9,5",3212,12417494,4743222.0,2000000.0
2024270,2024-10-10,"6,9,9",2991,12536254,3568738.0,2000000.0
2024269,2024-10-09,"3,8,8",3445,12836734,4408393.0,2000000.0
2024268,2024-10-08,"9,3,1",4314,12652876,5832297.0,2000000.0
2024267,2024-10-07,"2,2,7",3507,12713790,4545358.0,2000000.0
2024266,2024-10-06,"3,9,0",3421,12171542,4589684.0,2000000.0
2024265,2024-10-05,"2,4,5",7093,13643836,8798582.0,296212.72
2024264,2024-09-30,"7,1,0",5632,15998250,7152508.0,2000000.0
2024263,2024-09-29,"2,9,2",4545,15864532,5570619.0,2000000.0
2024262,2024-09-28,"4,6,5",7145,15312764,9294637.0,668000.28
2024261,2024-09-27,"7,6,6",4003,16252404,5134286.0,2000000.0
2024260,2024-09-26,"9,2,6",11049,15656996,12860801.0,0.0
2024259,2024-09-25,"2,4,9",8091,14999924,9610382.0,189578.48
2024258,2024-09-24,"0,7,7",3329,15459406,4104965.0,2000000.0
2024257,2024-09-23,"1,9,9",6339,15741294,7650816.0,550608.68
2024256,2024-09-22,"7,4,9",7447,13630340,9071825.0,15951.8
2024255,2024-09-21,"0,9,6",2609,13598620,3693941.0,2000000.0
2024254,2024-09-20,"4,0,9",8537,13810242,10093885.0,0.0
2024253,2024-09-19,"2,7,4",6572,13212756,8856585.0,0.0
2024252,2024-09-18,"0,8,6",6010,12869264,8279120.0,0.0
2024251,2024-09-17,"1,5,6",7845,12057810,10087360.0,0.0
2024250,2024-09-16,"2,5,3",4637,12342084,6499711.0,1918172.68
2024249,2024-09-15,"4,4,9",3666,12731488,4747532.0,2000000.0
2024248,2024-09-14,"8,6,1",4896,12953204,6461526.0,2000000.0
2024247,2024-09-13,"7,8,3",3190,13349092,4606145.0,2000000.0
2024246,2024-09-12,"7,1,0",1976,13742176,2804342.0,2000000.0
2024245,2024-09-11,"7,4,1",11091,13172006,13531499.0,0.0
2024244,2024-09-10,"8,6,3",4389,12621732,6284161.0,279139.64
2024242,2024-09-08,"6,2,3",5643,13379704,7132731.0,649830.6
